Name,NumCaAtoms,Vassiliev,RuntimeSeconds,Processes
6zgh,875,0.11,930.1934673786163,12
6zgh,875,0.12,1631.155472278595,12
