Name,NumCaAtoms,Vassiliev,RuntimeSeconds,Processes
6zgh,875,0.11,930.1934673786163,12
6zgh,875,0.12,1631.155472278595,12
6zgh,875,0.07,1363.0290071964264,6
6zgh,875,0.08,1256.9346024990082,4
